Mês/Ano,Razão Social,CNPJ,Região,Estado,Município,Capacidade Autorizada (m³/d),Capacidade Processamento(m³/d),Volume Processado  (m³/d),FUE (%)
11/2023,GÁS VERDE S.A.,11131464000587,SUDESTE,Rio de Janeiro,SEROPEDICA,204000,480000,"384000,000",188
11/2023,COCAL ENERGIA S.A.,14788495000170,SUDESTE,São Paulo,NARANDIBA,27112,51600,"19,000",0
11/2023,GNR DOIS ARCOS VALORIZAÇÃO DE BIOGÁS LTDA.,17173460000203,SUDESTE,Rio de Janeiro,SAO PEDRO DA ALDEIA,16000,30672,"29075,000",182
11/2023,ENGEP AMBIENTAL LTDA,17354555000215,SUDESTE,São Paulo,JAMBEIRO,30000,84000,"23839,000",79
11/2023,GNR FORTALEZA VALORIZAÇÃO DE BIOGÁS LTDA.,20287659000188,NORDESTE,Ceará,CAUCAIA,110000,300000,"125553,000",114
11/2023,METAGÁS BIOGÁS E ENERGIA S.A,43943079000105,SUDESTE,São Paulo,SAO PAULO,30000,60000,"11188,000",37
10/2023,GÁS VERDE S.A.,11131464000587,SUDESTE,Rio de Janeiro,SEROPEDICA,204000,480000,"385145,000",189
10/2023,COCAL ENERGIA S.A.,14788495000170,SUDESTE,São Paulo,NARANDIBA,27112,51600,"17,000",0
10/2023,GNR DOIS ARCOS VALORIZAÇÃO DE BIOGÁS LTDA.,17173460000203,SUDESTE,Rio de Janeiro,SAO PEDRO DA ALDEIA,16000,30672,"28972,000",181
10/2023,ENGEP AMBIENTAL LTDA,17354555000215,SUDESTE,São Paulo,JAMBEIRO,30000,84000,"26740,000",89
10/2023,GNR FORTALEZA VALORIZAÇÃO DE BIOGÁS LTDA.,20287659000188,NORDESTE,Ceará,CAUCAIA,110000,300000,"140526,000",128
10/2023,METAGÁS BIOGÁS E ENERGIA S.A,43943079000105,SUDESTE,São Paulo,SAO PAULO,30000,60000,"16273,000",54
09/2023,GÁS VERDE S.A.,11131464000587,SUDESTE,Rio de Janeiro,SEROPEDICA,204000,480000,"383238,000",188
09/2023,COCAL ENERGIA S.A.,14788495000170,SUDESTE,São Paulo,NARANDIBA,27112,51600,"14,000",0
09/2023,GNR DOIS ARCOS VALORIZAÇÃO DE BIOGÁS LTDA.,17173460000203,SUDESTE,Rio de Janeiro,SAO PEDRO DA ALDEIA,16000,30672,"28484,000",178
09/2023,ENGEP AMBIENTAL LTDA,17354555000215,SUDESTE,São Paulo,JAMBEIRO,30000,84000,"23810,000",79
09/2023,GNR FORTALEZA VALORIZAÇÃO DE BIOGÁS LTDA.,20287659000188,NORDESTE,Ceará,CAUCAIA,110000,300000,"138911,000",126
09/2023,METAGÁS BIOGÁS E ENERGIA S.A,43943079000105,SUDESTE,São Paulo,SAO PAULO,30000,60000,"15493,000",52
08/2023,GÁS VERDE S.A.,11131464000587,SUDESTE,Rio de Janeiro,SEROPEDICA,204000,480000,"397119,000",195
08/2023,COCAL ENERGIA S.A.,14788495000170,SUDESTE,São Paulo,NARANDIBA,27112,51600,"3,000",0
08/2023,GNR DOIS ARCOS VALORIZAÇÃO DE BIOGÁS LTDA.,17173460000203,SUDESTE,Rio de Janeiro,SAO PEDRO DA ALDEIA,16000,30672,"28635,000",179
08/2023,ENGEP AMBIENTAL LTDA,17354555000215,SUDESTE,São Paulo,JAMBEIRO,30000,84000,"29549,000",98
08/2023,GNR FORTALEZA VALORIZAÇÃO DE BIOGÁS LTDA.,20287659000188,NORDESTE,Ceará,CAUCAIA,110000,300000,"146695,000",133
08/2023,METAGÁS BIOGÁS E ENERGIA S.A,43943079000105,SUDESTE,São Paulo,SAO PAULO,30000,60000,"12930,000",43
07/2023,GÁS VERDE S.A.,11131464000587,SUDESTE,Rio de Janeiro,SEROPEDICA,204000,480000,"403565,000",198
07/2023,COCAL ENERGIA S.A.,14788495000170,SUDESTE,São Paulo,NARANDIBA,27112,51600,"2,000",0
07/2023,GNR DOIS ARCOS VALORIZAÇÃO DE BIOGÁS LTDA.,17173460000203,SUDESTE,Rio de Janeiro,SAO PEDRO DA ALDEIA,16000,30672,"28933,000",181
07/2023,ENGEP AMBIENTAL LTDA,17354555000215,SUDESTE,São Paulo,JAMBEIRO,30000,84000,"26544,000",88
07/2023,GNR FORTALEZA VALORIZAÇÃO DE BIOGÁS LTDA.,20287659000188,NORDESTE,Ceará,CAUCAIA,110000,300000,"152892,000",139
07/2023,METAGÁS BIOGÁS E ENERGIA S.A,43943079000105,SUDESTE,São Paulo,SAO PAULO,30000,60000,"9205,000",31
06/2023,GÁS VERDE S.A.,11131464000587,SUDESTE,Rio de Janeiro,SEROPEDICA,204000,480000,"392669,000",192
06/2023,COCAL ENERGIA S.A.,14788495000170,SUDESTE,São Paulo,NARANDIBA,27112,51600,"3,000",0
06/2023,GNR DOIS ARCOS VALORIZAÇÃO DE BIOGÁS LTDA.,17173460000203,SUDESTE,Rio de Janeiro,SAO PEDRO DA ALDEIA,16000,30672,"26873,000",168
06/2023,ENGEP AMBIENTAL LTDA,17354555000215,SUDESTE,São Paulo,JAMBEIRO,30000,84000,"27857,000",93
06/2023,GNR FORTALEZA VALORIZAÇÃO DE BIOGÁS LTDA.,20287659000188,NORDESTE,Ceará,CAUCAIA,110000,300000,"150966,000",137
06/2023,METAGÁS BIOGÁS E ENERGIA S.A,43943079000105,SUDESTE,São Paulo,SAO PAULO,30000,60000,"15541,000",52
05/2023,GÁS VERDE S.A.,11131464000587,SUDESTE,Rio de Janeiro,SEROPEDICA,204000,480000,"393751,000",193
05/2023,COCAL ENERGIA S.A.,14788495000170,SUDESTE,São Paulo,NARANDIBA,27112,51600,"3,000",0
05/2023,GNR DOIS ARCOS VALORIZAÇÃO DE BIOGÁS LTDA.,17173460000203,SUDESTE,Rio de Janeiro,SAO PEDRO DA ALDEIA,16000,30672,"28774,000",180
05/2023,ENGEP AMBIENTAL LTDA,17354555000215,SUDESTE,São Paulo,JAMBEIRO,30000,84000,"944,000",3
05/2023,GNR FORTALEZA VALORIZAÇÃO DE BIOGÁS LTDA.,20287659000188,NORDESTE,Ceará,CAUCAIA,110000,300000,"172323,000",157
05/2023,METAGÁS BIOGÁS E ENERGIA S.A,43943079000105,SUDESTE,São Paulo,SAO PAULO,30000,60000,"16298,000",54
04/2023,GÁS VERDE S.A.,11131464000587,SUDESTE,Rio de Janeiro,SEROPEDICA,204000,480000,"410954,000",201
04/2023,COCAL ENERGIA S.A.,14788495000170,SUDESTE,São Paulo,NARANDIBA,27112,51600,"2,000",0
04/2023,GNR DOIS ARCOS VALORIZAÇÃO DE BIOGÁS LTDA.,17173460000203,SUDESTE,Rio de Janeiro,SAO PEDRO DA ALDEIA,16000,30672,"24021,000",150
04/2023,ENGEP AMBIENTAL LTDA,17354555000215,SUDESTE,São Paulo,JAMBEIRO,30000,84000,"0,000",0
04/2023,GNR FORTALEZA VALORIZAÇÃO DE BIOGÁS LTDA.,20287659000188,NORDESTE,Ceará,CAUCAIA,110000,300000,"174104,000",158
04/2023,METAGÁS BIOGÁS E ENERGIA S.A,43943079000105,SUDESTE,São Paulo,SAO PAULO,30000,60000,"5243,000",17
03/2023,GÁS VERDE S.A.,11131464000587,SUDESTE,Rio de Janeiro,SEROPEDICA,204000,480000,"432395,000",212
03/2023,COCAL ENERGIA S.A.,14788495000170,SUDESTE,São Paulo,NARANDIBA,27112,51600,"2,000",0
03/2023,GNR DOIS ARCOS VALORIZAÇÃO DE BIOGÁS LTDA.,17173460000203,SUDESTE,Rio de Janeiro,SAO PEDRO DA ALDEIA,16000,30672,"10656,000",67
03/2023,ENGEP AMBIENTAL LTDA,17354555000215,SUDESTE,São Paulo,JAMBEIRO,30000,84000,"0,000",0
03/2023,GNR FORTALEZA VALORIZAÇÃO DE BIOGÁS LTDA.,20287659000188,NORDESTE,Ceará,CAUCAIA,110000,300000,"190154,000",173
03/2023,METAGÁS BIOGÁS E ENERGIA S.A,43943079000105,SUDESTE,São Paulo,SAO PAULO,30000,60000,"17169,000",57
02/2023,GÁS VERDE S.A.,11131464000587,SUDESTE,Rio de Janeiro,SEROPEDICA,204000,480000,"455876,000",223
02/2023,COCAL ENERGIA S.A.,14788495000170,SUDESTE,São Paulo,NARANDIBA,27112,51600,"3,000",0
02/2023,GNR DOIS ARCOS VALORIZAÇÃO DE BIOGÁS LTDA.,17173460000203,SUDESTE,Rio de Janeiro,SAO PEDRO DA ALDEIA,16000,30672,"18139,000",113
02/2023,GNR FORTALEZA VALORIZAÇÃO DE BIOGÁS LTDA.,20287659000188,NORDESTE,Ceará,CAUCAIA,110000,300000,"184478,000",168
02/2023,METAGÁS BIOGÁS E ENERGIA S.A,43943079000105,SUDESTE,São Paulo,SAO PAULO,30000,60000,"18224,000",61
01/2023,GÁS VERDE S.A.,11131464000587,SUDESTE,Rio de Janeiro,SEROPEDICA,204000,480000,"406630,000",199
01/2023,COCAL ENERGIA S.A.,14788495000170,SUDESTE,São Paulo,NARANDIBA,27112,51600,"2,000",0
01/2023,GNR DOIS ARCOS VALORIZAÇÃO DE BIOGÁS LTDA.,17173460000203,SUDESTE,Rio de Janeiro,SAO PEDRO DA ALDEIA,16000,30672,"12994,000",81
01/2023,GNR FORTALEZA VALORIZAÇÃO DE BIOGÁS LTDA.,20287659000188,NORDESTE,Ceará,CAUCAIA,110000,300000,"171498,000",156
01/2023,METAGÁS BIOGÁS E ENERGIA S.A,43943079000105,SUDESTE,São Paulo,SAO PAULO,30000,60000,"15552,000",52
12/2022,GÁS VERDE S.A.,11131464000587,SUDESTE,Rio de Janeiro,SEROPEDICA,204000,480000,"417237,000",205
12/2022,COCAL ENERGIA S.A.,14788495000170,SUDESTE,São Paulo,NARANDIBA,27112,51600,"3,000",0
12/2022,GNR DOIS ARCOS VALORIZAÇÃO DE BIOGÁS LTDA.,17173460000203,SUDESTE,Rio de Janeiro,SAO PEDRO DA ALDEIA,16000,30672,"13629,000",85
12/2022,GNR FORTALEZA VALORIZAÇÃO DE BIOGÁS LTDA.,20287659000188,NORDESTE,Ceará,CAUCAIA,110000,300000,"167111,000",152
12/2022,METAGÁS BIOGÁS E ENERGIA S.A,43943079000105,SUDESTE,São Paulo,SAO PAULO,30000,60000,"13892,000",46
11/2022,GÁS VERDE S.A.,11131464000587,SUDESTE,Rio de Janeiro,SEROPEDICA,204000,480000,"432929,000",212
11/2022,COCAL ENERGIA S.A.,14788495000170,SUDESTE,São Paulo,NARANDIBA,27112,51600,"1,000",0
11/2022,GNR DOIS ARCOS VALORIZAÇÃO DE BIOGÁS LTDA.,17173460000203,SUDESTE,Rio de Janeiro,SAO PEDRO DA ALDEIA,16000,30672,"14097,000",88
11/2022,GNR FORTALEZA VALORIZAÇÃO DE BIOGÁS LTDA.,20287659000188,NORDESTE,Ceará,CAUCAIA,110000,300000,"169476,000",154
11/2022,METAGÁS BIOGÁS E ENERGIA S.A,43943079000105,SUDESTE,São Paulo,SAO PAULO,30000,60000,"4486,000",15
10/2022,GÁS VERDE S.A.,11131464000587,SUDESTE,Rio de Janeiro,SEROPEDICA,204000,480000,"450798,000",221
10/2022,COCAL ENERGIA S.A.,14788495000170,SUDESTE,São Paulo,NARANDIBA,27112,51600,"0,000",0
10/2022,GNR DOIS ARCOS VALORIZAÇÃO DE BIOGÁS LTDA.,17173460000203,SUDESTE,Rio de Janeiro,SAO PEDRO DA ALDEIA,16000,30672,"11452,000",72
10/2022,GNR FORTALEZA VALORIZAÇÃO DE BIOGÁS LTDA.,20287659000188,NORDESTE,Ceará,CAUCAIA,110000,300000,"150551,000",137
10/2022,METAGÁS BIOGÁS E ENERGIA S.A,43943079000105,SUDESTE,São Paulo,SAO PAULO,30000,60000,"20370,000",68
09/2022,GÁS VERDE S.A.,11131464000587,SUDESTE,Rio de Janeiro,SEROPEDICA,204000,480000,"426450,000",209
09/2022,COCAL ENERGIA S.A.,14788495000170,SUDESTE,São Paulo,NARANDIBA,27112,51600,"0,000",0
09/2022,GNR DOIS ARCOS VALORIZAÇÃO DE BIOGÁS LTDA.,17173460000203,SUDESTE,Rio de Janeiro,SAO PEDRO DA ALDEIA,16000,30672,"12365,000",77
09/2022,GNR FORTALEZA VALORIZAÇÃO DE BIOGÁS LTDA.,20287659000188,NORDESTE,Ceará,CAUCAIA,110000,300000,"154725,000",141
09/2022,METAGÁS BIOGÁS E ENERGIA S.A,43943079000105,SUDESTE,São Paulo,SAO PAULO,30000,60000,"10105,000",34
08/2022,GÁS VERDE S.A.,11131464000587,SUDESTE,Rio de Janeiro,SEROPEDICA,204000,480000,"413848,000",203
08/2022,COCAL ENERGIA S.A.,14788495000170,SUDESTE,São Paulo,NARANDIBA,27112,51600,"2,000",0
08/2022,GNR DOIS ARCOS VALORIZAÇÃO DE BIOGÁS LTDA.,17173460000203,SUDESTE,Rio de Janeiro,SAO PEDRO DA ALDEIA,16000,30672,"1775,000",11
08/2022,GNR FORTALEZA VALORIZAÇÃO DE BIOGÁS LTDA.,20287659000188,NORDESTE,Ceará,CAUCAIA,110000,300000,"152957,000",139
08/2022,METAGÁS BIOGÁS E ENERGIA S.A,43943079000105,SUDESTE,São Paulo,SAO PAULO,30000,60000,"4471,000",15
07/2022,GÁS VERDE S.A.,11131464000587,SUDESTE,Rio de Janeiro,SEROPEDICA,204000,480000,"394781,000",194
07/2022,COCAL ENERGIA S.A.,14788495000170,SUDESTE,São Paulo,NARANDIBA,27112,51600,"0,000",0
07/2022,GNR DOIS ARCOS VALORIZAÇÃO DE BIOGÁS LTDA.,17173460000203,SUDESTE,Rio de Janeiro,SAO PEDRO DA ALDEIA,16000,30672,"0,000",0
07/2022,GNR FORTALEZA VALORIZAÇÃO DE BIOGÁS LTDA.,20287659000188,NORDESTE,Ceará,CAUCAIA,110000,300000,"176830,000",161
07/2022,METAGÁS BIOGÁS E ENERGIA S.A,43943079000105,SUDESTE,São Paulo,SAO PAULO,30000,60000,"3903,000",13
06/2022,GÁS VERDE S.A.,11131464000587,SUDESTE,Rio de Janeiro,SEROPEDICA,204000,480000,"384000,000",188
06/2022,GNR DOIS ARCOS VALORIZAÇÃO DE BIOGÁS LTDA.,17173460000203,SUDESTE,Rio de Janeiro,SAO PEDRO DA ALDEIA,16000,30672,"12417,000",78
06/2022,GNR FORTALEZA VALORIZAÇÃO DE BIOGÁS LTDA.,20287659000188,NORDESTE,Ceará,CAUCAIA,110000,300000,"183303,000",167
06/2022,ZEG BIOGÁS E ENERGIA S.A,24025216000250,SUDESTE,São Paulo,SAO PAULO,30000,60000,"0,000",0
06/2022,METAGÁS BIOGÁS E ENERGIA S.A,43943079000105,SUDESTE,São Paulo,SAO PAULO,30000,60000,"0,000",0
05/2022,GÁS VERDE S.A.,11131464000587,SUDESTE,Rio de Janeiro,SEROPEDICA,204000,480000,"387139,000",190
05/2022,GNR DOIS ARCOS VALORIZAÇÃO DE BIOGÁS LTDA.,17173460000203,SUDESTE,Rio de Janeiro,SAO PEDRO DA ALDEIA,16000,30672,"19043,000",119
05/2022,GNR FORTALEZA VALORIZAÇÃO DE BIOGÁS LTDA.,20287659000188,NORDESTE,Ceará,CAUCAIA,110000,300000,"186861,000",170
05/2022,ZEG BIOGÁS E ENERGIA S.A,24025216000250,SUDESTE,São Paulo,SAO PAULO,30000,60000,"0,000",0
04/2022,GÁS VERDE S.A.,11131464000587,SUDESTE,Rio de Janeiro,SEROPEDICA,204000,480000,"385875,000",189
04/2022,GNR DOIS ARCOS VALORIZAÇÃO DE BIOGÁS LTDA.,17173460000203,SUDESTE,Rio de Janeiro,SAO PEDRO DA ALDEIA,16000,30672,"18750,000",117
04/2022,GNR FORTALEZA VALORIZAÇÃO DE BIOGÁS LTDA.,20287659000188,NORDESTE,Ceará,CAUCAIA,110000,300000,"193729,000",176
04/2022,ZEG BIOGÁS E ENERGIA S.A,24025216000250,SUDESTE,São Paulo,SAO PAULO,30000,60000,"0,000",0
03/2022,GÁS VERDE S.A.,11131464000587,SUDESTE,Rio de Janeiro,SEROPEDICA,204000,480000,"384000,000",188
03/2022,GNR DOIS ARCOS VALORIZAÇÃO DE BIOGÁS LTDA.,17173460000203,SUDESTE,Rio de Janeiro,SAO PEDRO DA ALDEIA,16000,30672,"15141,000",95
03/2022,GNR FORTALEZA VALORIZAÇÃO DE BIOGÁS LTDA.,20287659000188,NORDESTE,Ceará,CAUCAIA,110000,300000,"165036,000",150
03/2022,ZEG BIOGÁS E ENERGIA S.A,24025216000250,SUDESTE,São Paulo,SAO PAULO,30000,60000,"0,000",0
02/2022,GÁS VERDE S.A.,11131464000587,SUDESTE,Rio de Janeiro,SEROPEDICA,204000,480000,"384000,000",188
02/2022,GNR DOIS ARCOS VALORIZAÇÃO DE BIOGÁS LTDA.,17173460000203,SUDESTE,Rio de Janeiro,SAO PEDRO DA ALDEIA,16000,30672,"0,000",0
02/2022,GNR FORTALEZA VALORIZAÇÃO DE BIOGÁS LTDA.,20287659000188,NORDESTE,Ceará,CAUCAIA,110000,300000,"177441,000",161
02/2022,ZEG BIOGÁS E ENERGIA S.A,24025216000250,SUDESTE,São Paulo,SAO PAULO,30000,60000,"0,000",0
01/2022,GÁS VERDE S.A.,11131464000587,SUDESTE,Rio de Janeiro,SEROPEDICA,204000,480000,"384000,000",188
01/2022,GNR DOIS ARCOS VALORIZAÇÃO DE BIOGÁS LTDA.,17173460000203,SUDESTE,Rio de Janeiro,SAO PEDRO DA ALDEIA,16000,30672,"6985,000",44
01/2022,GNR FORTALEZA VALORIZAÇÃO DE BIOGÁS LTDA.,20287659000188,NORDESTE,Ceará,CAUCAIA,110000,300000,"150839,000",137
01/2022,ZEG BIOGÁS E ENERGIA S.A,24025216000250,SUDESTE,São Paulo,SAO PAULO,30000,60000,"0,000",0
12/2021,GÁS VERDE S.A.,11131464000587,SUDESTE,Rio de Janeiro,SEROPEDICA,204000,480000,"384000,000",188
12/2021,GNR DOIS ARCOS VALORIZAÇÃO DE BIOGÁS LTDA.,17173460000203,SUDESTE,Rio de Janeiro,SAO PEDRO DA ALDEIA,16000,30672,"22140,000",138
12/2021,GNR FORTALEZA VALORIZAÇÃO DE BIOGÁS LTDA.,20287659000188,NORDESTE,Ceará,CAUCAIA,110000,300000,"70600,000",64
12/2021,ZEG BIOGÁS E ENERGIA S.A,24025216000250,SUDESTE,São Paulo,SAO PAULO,30000,60000,"0,000",0
11/2021,GÁS VERDE S.A.,11131464000587,SUDESTE,Rio de Janeiro,SEROPEDICA,204000,480000,"384000,000",188
11/2021,GNR DOIS ARCOS VALORIZAÇÃO DE BIOGÁS LTDA.,17173460000203,SUDESTE,Rio de Janeiro,SAO PEDRO DA ALDEIA,16000,30672,"18685,000",117
11/2021,GNR FORTALEZA VALORIZAÇÃO DE BIOGÁS LTDA.,20287659000188,NORDESTE,Ceará,CAUCAIA,110000,300000,"165776,000",151
11/2021,ZEG BIOGÁS E ENERGIA S.A,24025216000250,SUDESTE,São Paulo,SAO PAULO,30000,60000,"0,000",0
10/2021,GÁS VERDE S.A.,11131464000587,SUDESTE,Rio de Janeiro,SEROPEDICA,204000,480000,"382845,000",188
10/2021,GNR DOIS ARCOS VALORIZAÇÃO DE BIOGÁS LTDA.,17173460000203,SUDESTE,Rio de Janeiro,SAO PEDRO DA ALDEIA,16000,30672,"17215,000",108
10/2021,GNR FORTALEZA VALORIZAÇÃO DE BIOGÁS LTDA.,20287659000188,NORDESTE,Ceará,CAUCAIA,110000,300000,"172096,000",156
10/2021,ZEG BIOGÁS E ENERGIA S.A,24025216000250,SUDESTE,São Paulo,SAO PAULO,30000,60000,"0,000",0
09/2021,GÁS VERDE S.A.,11131464000587,SUDESTE,Rio de Janeiro,SEROPEDICA,204000,480000,"384000,000",188
09/2021,GNR DOIS ARCOS VALORIZAÇÃO DE BIOGÁS LTDA.,17173460000203,SUDESTE,Rio de Janeiro,SAO PEDRO DA ALDEIA,16000,30672,"17187,000",107
09/2021,GNR FORTALEZA VALORIZAÇÃO DE BIOGÁS LTDA.,20287659000188,NORDESTE,Ceará,CAUCAIA,110000,300000,"166538,000",151
09/2021,ZEG BIOGÁS E ENERGIA S.A,24025216000250,SUDESTE,São Paulo,SAO PAULO,30000,60000,"0,000",0
08/2021,GÁS VERDE S.A.,11131464000587,SUDESTE,Rio de Janeiro,SEROPEDICA,204000,480000,"384000,000",188
08/2021,GNR DOIS ARCOS VALORIZAÇÃO DE BIOGÁS LTDA.,17173460000203,SUDESTE,Rio de Janeiro,SAO PEDRO DA ALDEIA,16000,30672,"16782,000",105
08/2021,GNR FORTALEZA VALORIZAÇÃO DE BIOGÁS LTDA.,20287659000188,NORDESTE,Ceará,CAUCAIA,110000,300000,"165935,000",151
07/2021,GÁS VERDE S.A.,11131464000587,SUDESTE,Rio de Janeiro,SEROPEDICA,204000,480000,"373876,000",183
07/2021,GNR DOIS ARCOS VALORIZAÇÃO DE BIOGÁS LTDA.,17173460000203,SUDESTE,Rio de Janeiro,SAO PEDRO DA ALDEIA,16000,30672,"17077,000",107
07/2021,GNR FORTALEZA VALORIZAÇÃO DE BIOGÁS LTDA.,20287659000188,NORDESTE,Ceará,CAUCAIA,110000,300000,"149591,000",136
06/2021,GÁS VERDE S.A.,11131464000587,SUDESTE,Rio de Janeiro,SEROPEDICA,204000,480000,"384000,000",188
06/2021,GNR DOIS ARCOS VALORIZAÇÃO DE BIOGÁS LTDA.,17173460000203,SUDESTE,Rio de Janeiro,SAO PEDRO DA ALDEIA,16000,30672,"11301,000",71
06/2021,GNR FORTALEZA VALORIZAÇÃO DE BIOGÁS LTDA.,20287659000188,NORDESTE,Ceará,CAUCAIA,110000,300000,"158044,000",144
05/2021,GÁS VERDE S.A.,11131464000587,SUDESTE,Rio de Janeiro,SEROPEDICA,204000,480000,"384000,000",188
05/2021,GNR DOIS ARCOS VALORIZAÇÃO DE BIOGÁS LTDA.,17173460000203,SUDESTE,Rio de Janeiro,SAO PEDRO DA ALDEIA,16000,30672,"10384,000",65
05/2021,GNR FORTALEZA VALORIZAÇÃO DE BIOGÁS LTDA.,20287659000188,NORDESTE,Ceará,CAUCAIA,110000,300000,"163821,000",149
04/2021,GÁS VERDE S.A.,11131464000587,SUDESTE,Rio de Janeiro,SEROPEDICA,204000,480000,"365089,000",179
04/2021,GNR DOIS ARCOS VALORIZAÇÃO DE BIOGÁS LTDA.,17173460000203,SUDESTE,Rio de Janeiro,SAO PEDRO DA ALDEIA,16000,30672,"11295,000",71
04/2021,GNR FORTALEZA VALORIZAÇÃO DE BIOGÁS LTDA.,20287659000188,NORDESTE,Ceará,CAUCAIA,110000,300000,"156390,000",142
03/2021,GÁS VERDE S.A.,11131464000587,SUDESTE,Rio de Janeiro,SEROPEDICA,204000,480000,"336000,000",165
03/2021,GNR DOIS ARCOS VALORIZAÇÃO DE BIOGÁS LTDA.,17173460000203,SUDESTE,Rio de Janeiro,SAO PEDRO DA ALDEIA,16000,30672,"11646,000",73
03/2021,GNR FORTALEZA VALORIZAÇÃO DE BIOGÁS LTDA.,20287659000188,NORDESTE,Ceará,CAUCAIA,110000,300000,"145712,000",132
02/2021,GÁS VERDE S.A.,11131464000587,SUDESTE,Rio de Janeiro,SEROPEDICA,204000,480000,"336000,000",165
02/2021,GNR DOIS ARCOS VALORIZAÇÃO DE BIOGÁS LTDA.,17173460000203,SUDESTE,Rio de Janeiro,SAO PEDRO DA ALDEIA,16000,30672,"10993,000",69
02/2021,GNR FORTALEZA VALORIZAÇÃO DE BIOGÁS LTDA.,20287659000188,NORDESTE,Ceará,CAUCAIA,110000,300000,"117918,000",107
01/2021,GÁS VERDE S.A.,11131464000587,SUDESTE,Rio de Janeiro,SEROPEDICA,204000,480000,"203886,000",100
01/2021,GNR DOIS ARCOS VALORIZAÇÃO DE BIOGÁS LTDA.,17173460000203,SUDESTE,Rio de Janeiro,SAO PEDRO DA ALDEIA,16000,30672,"13078,000",82
01/2021,GNR FORTALEZA VALORIZAÇÃO DE BIOGÁS LTDA.,20287659000188,NORDESTE,Ceará,CAUCAIA,110000,300000,"125489,000",114
12/2020,GÁS VERDE S.A.,11131464000587,SUDESTE,Rio de Janeiro,SEROPEDICA,204000,480000,"306247,000",150
12/2020,GNR DOIS ARCOS VALORIZAÇÃO DE BIOGÁS LTDA.,17173460000203,SUDESTE,Rio de Janeiro,SAO PEDRO DA ALDEIA,16000,30672,"13909,000",87
12/2020,GNR FORTALEZA VALORIZAÇÃO DE BIOGÁS LTDA.,20287659000188,NORDESTE,Ceará,CAUCAIA,110000,300000,"130913,000",119
11/2020,GÁS VERDE S.A.,11131464000587,SUDESTE,Rio de Janeiro,SEROPEDICA,204000,480000,"316415,000",155
11/2020,GNR DOIS ARCOS VALORIZAÇÃO DE BIOGÁS LTDA.,17173460000203,SUDESTE,Rio de Janeiro,SAO PEDRO DA ALDEIA,16000,30672,"7481,000",47
11/2020,GNR FORTALEZA VALORIZAÇÃO DE BIOGÁS LTDA.,20287659000188,NORDESTE,Ceará,CAUCAIA,110000,300000,"131997,000",120
10/2020,GÁS VERDE S.A.,11131464000587,SUDESTE,Rio de Janeiro,SEROPEDICA,204000,480000,"438349,000",215
10/2020,GNR DOIS ARCOS VALORIZAÇÃO DE BIOGÁS LTDA.,17173460000203,SUDESTE,Rio de Janeiro,SAO PEDRO DA ALDEIA,16000,30672,"6157,000",38
10/2020,GNR FORTALEZA VALORIZAÇÃO DE BIOGÁS LTDA.,20287659000188,NORDESTE,Ceará,CAUCAIA,110000,300000,"141787,000",129
09/2020,GÁS VERDE S.A.,11131464000587,SUDESTE,Rio de Janeiro,SEROPEDICA,204000,480000,"445679,000",218
09/2020,GNR DOIS ARCOS VALORIZAÇÃO DE BIOGÁS LTDA.,17173460000203,SUDESTE,Rio de Janeiro,SAO PEDRO DA ALDEIA,16000,30672,"15012,000",94
09/2020,GNR FORTALEZA VALORIZAÇÃO DE BIOGÁS LTDA.,20287659000188,NORDESTE,Ceará,CAUCAIA,110000,300000,"142905,000",130
08/2020,GÁS VERDE S.A.,11131464000587,SUDESTE,Rio de Janeiro,SEROPEDICA,204000,480000,"440390,000",216
08/2020,GNR DOIS ARCOS VALORIZAÇÃO DE BIOGÁS LTDA.,17173460000203,SUDESTE,Rio de Janeiro,SAO PEDRO DA ALDEIA,16000,30672,"11617,000",73
08/2020,GNR FORTALEZA VALORIZAÇÃO DE BIOGÁS LTDA.,20287659000188,NORDESTE,Ceará,CAUCAIA,110000,300000,"63111,000",57
07/2020,GÁS VERDE S.A.,11131464000587,SUDESTE,Rio de Janeiro,SEROPEDICA,204000,480000,"346828,000",170
07/2020,GNR DOIS ARCOS VALORIZAÇÃO DE BIOGÁS LTDA.,17173460000203,SUDESTE,Rio de Janeiro,SAO PEDRO DA ALDEIA,16000,30672,"6172,000",39
07/2020,GNR FORTALEZA VALORIZAÇÃO DE BIOGÁS LTDA.,20287659000188,NORDESTE,Ceará,CAUCAIA,110000,300000,"71574,000",65
06/2020,GNR FORTALEZA VALORIZAÇÃO DE BIOGÁS LTDA.,20287659000188,NORDESTE,Ceará,CAUCAIA,110000,300000,"159050,000",145
05/2020,GNR FORTALEZA VALORIZAÇÃO DE BIOGÁS LTDA.,20287659000188,NORDESTE,Ceará,CAUCAIA,110000,300000,"169025,000",154
04/2020,GNR FORTALEZA VALORIZAÇÃO DE BIOGÁS LTDA.,20287659000188,NORDESTE,Ceará,CAUCAIA,110000,300000,"166974,000",152
03/2020,GNR FORTALEZA VALORIZAÇÃO DE BIOGÁS LTDA.,20287659000188,NORDESTE,Ceará,CAUCAIA,110000,300000,"176273,000",160
02/2020,GNR FORTALEZA VALORIZAÇÃO DE BIOGÁS LTDA.,20287659000188,NORDESTE,Ceará,CAUCAIA,110000,300000,"170631,000",155
01/2020,GNR FORTALEZA VALORIZAÇÃO DE BIOGÁS LTDA.,20287659000188,NORDESTE,Ceará,CAUCAIA,110000,300000,"171950,000",156
